{
  "train_loss": [
    2.821813964877098,
    1.5668186945735951,
    1.3724374494884881,
    1.2870513816274542,
    1.226470656565337,
    1.1783416003864202,
    1.1444392369691156,
    1.1145983288743166,
    1.0913203951907542,
    1.0692529865124305,
    1.0542841771789562,
    1.0354030018036096,
    1.0211923910385827,
    1.0070454116300736,
    0.9940335682428479,
    0.9853960959290768,
    0.9729967231238746,
    0.9636476661444205,
    0.9551707510590851,
    0.9455572910217485,
    0.9371521260200458,
    0.9293828687954641,
    0.9204697184522665,
    0.9113374061018161,
    0.9056531239600815,
    0.8992410526458342,
    0.8920082397005786,
    0.8859954989154013,
    0.8796116729692753,
    0.8730157655964861,
    0.8678403577141444,
    0.864676715408776,
    0.8587064379512523,
    0.8521914335284081,
    0.8468301560295365,
    0.8440257944197924,
    0.8391223964581821,
    0.8351096094869817,
    0.8299990236281702,
    0.8255988559170939
  ],
  "val_loss": [
    1.7754219484209168,
    1.3955946848759382,
    1.2698889195150502,
    1.2016603624901656,
    1.144108293148712,
    1.103479505512965,
    1.0754740884395544,
    1.0434243961585472,
    1.0279180863096957,
    1.0048358713842924,
    0.9913194928469752,
    0.9760846044421151,
    0.9652421527617564,
    0.953703900173726,
    0.9457413426678486,
    0.9341104825701532,
    0.9223275222421429,
    0.9176075905550078,
    0.9080365507137205,
    0.8982893714208465,
    0.8973066895652201,
    0.8874491658492338,
    0.881017217394543,
    0.878530601596745,
    0.8748347657791145,
    0.8629280068221877,
    0.860533606108388,
    0.8518497767888263,
    0.8493351656075263,
    0.8488475840424767,
    0.8502574748566178,
    0.8405926643487853,
    0.8333847666892705,
    0.8299471244683225,
    0.8300352573594867,
    0.8213838318569887,
    0.8224252684489081,
    0.817807386066454,
    0.8130117827425144,
    0.8131466210684278
  ],
  "val_acc_top1": [
    0.5444418787956238,
    0.6057831645011902,
    0.6372930407524109,
    0.6560616493225098,
    0.6687266230583191,
    0.6817731261253357,
    0.6829175353050232,
    0.6949721574783325,
    0.6987869143486023,
    0.7029831409454346,
    0.7108415365219116,
    0.7128251791000366,
    0.7190814018249512,
    0.7203021049499512,
    0.7196917533874512,
    0.722590982913971,
    0.7306782603263855,
    0.729839026927948,
    0.7351033687591553,
    0.7335774898529053,
    0.7370107769966125,
    0.7399862408638,
    0.7386892437934875,
    0.7376211285591125,
    0.7403677701950073,
    0.7416647672653198,
    0.7438009977340698,
    0.7473868727684021,
    0.7470816969871521,
    0.7470816969871521,
    0.7439535856246948,
    0.7486839294433594,
    0.7500572204589844,
    0.7532616257667542,
    0.7517356872558594,
    0.7524223923683167,
    0.7525749802589417,
    0.7528038620948792,
    0.7541771531105042,
    0.7554741501808167
  ],
  "val_acc_top3": [
    0.7020676136016846,
    0.7702754139900208,
    0.7955291271209717,
    0.8171206116676331,
    0.8280308246612549,
    0.8369573354721069,
    0.8427557945251465,
    0.842832088470459,
    0.8475623726844788,
    0.853284478187561,
    0.8558785319328308,
    0.8600747585296631,
    0.8608376979827881,
    0.8628976941108704,
    0.8655680418014526,
    0.8674753904342651,
    0.8666361570358276,
    0.8685435056686401,
    0.8708323836326599,
    0.8702220320701599,
    0.8708323836326599,
    0.8714427351951599,
    0.8732738494873047,
    0.8735790252685547,
    0.8731212615966797,
    0.8760204315185547,
    0.8742656707763672,
    0.877927839756012,
    0.8780041337013245,
    0.8783093094825745,
    0.8767833709716797,
    0.878843367099762,
    0.8822003602981567,
    0.8816663026809692,
    0.8824292421340942,
    0.8831158876419067,
    0.8816663026809692,
    0.8805981278419495,
    0.8828107118606567,
    0.8857099413871765
  ],
  "best_epoch": 39,
  "best_val_loss": 0.8130117827425144
}