{
  "adaptive_first_action": {
    "aT": 1,
    "aB": 1,
    "T_s": 7.271077167244768e-05,
    "Bp_kTm": 0.8891397050194614,
    "mw_phase_rad": 3.0118118380399643,
    "visibility_A": 1.0,
    "score": 6.0176806874850356e-06,
    "delta_g_2pi": 0.1489843755017395
  },
  "adaptive_metrics": {
    "rmse_g_mean": 0.02507959733466449,
    "rmse_g_median": 0.02635635831524388,
    "rmse_g_map": 0.030561873354046486,
    "mean_post_std_g": 0.015475086669322582,
    "mean_entropy_g": 6.628998952363375,
    "mean_cycle_time_s_last_shot": 0.0005125975590926865
  },
  "adaptive_catastrophic_count": 254,
  "fixed_action_summary": {
    "aT": 1,
    "aB": 1,
    "T_s": 7.271077167244768e-05,
    "Bp_kTm": 0.8891397050194614,
    "delta_g_2pi": 0.1489843755017395,
    "adaptive_phase": true
  },
  "fixed_baseline_metrics": {
    "rmse_g_mean": 0.02700287223973187,
    "rmse_g_median": 0.02911238084596847,
    "rmse_g_map": 0.03791148687358868,
    "mean_post_std_g": 0.01623660447469929,
    "mean_entropy_g": 6.7107308211624215,
    "mean_cycle_time_s_last_shot": 0.0004954215433448953
  },
  "fixed_catastrophic_count": 64
}