{
  "adaptive_first_action": {
    "aT": 1,
    "aB": 0,
    "T_s": 7.271077167244768e-05,
    "Bp_kTm": 0.5,
    "mw_phase_rad": 1.6615416289636293,
    "visibility_A": 1.0,
    "score": 3.524495555598539e-06,
    "delta_g_2pi": 0.2649358473722507
  },
  "adaptive_metrics": {
    "rmse_g_mean": 0.0014034803432227707,
    "rmse_g_median": 0.0012857196950728405,
    "rmse_g_map": 0.0017470607453419114,
    "mean_post_std_g": 0.0011089809048659624,
    "mean_post_std_eps": 8.943295584232943e-05,
    "mean_entropy_g": 2.447601874199216,
    "mean_entropy_joint": 3.5809456025103126,
    "rmse_eps_mean": 0.00013670317741897717,
    "rmse_eps_map": 0.00013706366129292256,
    "mean_cycle_time_s_last_shot": 0.0011512460001059017,
    "global_true_eps": 0.010958241942238534,
    "global_eps_mean": 0.010995952247123755,
    "global_eps_std": 2.7682466335657014e-05,
    "global_eps_map": 0.011,
    "global_eps_q05": 0.010949318605901062,
    "global_eps_q50": 0.010995753356084647,
    "global_eps_q95": 0.0110379480060521
  },
  "adaptive_catastrophic_count": 303,
  "fixed_action_summary": {
    "aT": 1,
    "aB": 0,
    "T_s": 7.271077167244768e-05,
    "Bp_kTm": 0.5,
    "delta_g_2pi": 0.2649358473722507,
    "adaptive_phase": true
  },
  "fixed_baseline_metrics": {
    "rmse_g_mean": 0.007943457207673808,
    "rmse_g_median": 0.007927791516577095,
    "rmse_g_map": 0.010360931261855486,
    "mean_post_std_g": 0.008308761351319069,
    "mean_post_std_eps": 0.013300241055649639,
    "mean_entropy_g": 5.435951415538527,
    "mean_entropy_joint": 6.396501800182257,
    "rmse_eps_mean": 0.01229357451542809,
    "rmse_eps_map": 0.012162414822419405,
    "mean_cycle_time_s_last_shot": 0.0004954215433448953,
    "global_true_eps": 0.010958241942238534,
    "global_eps_mean": 0.0008525072453013107,
    "global_eps_std": 0.013111361705737568,
    "global_eps_map": 0.010666666666666665,
    "global_eps_q05": -0.018304216827696253,
    "global_eps_q50": 0.009610549305767555,
    "global_eps_q95": 0.010561091374190732
  },
  "fixed_catastrophic_count": 31
}